R_m,method,seed,seam_c0_rms_m,seam_c1_rms_deg
4.0,smoothstep,0,3.015017440733727e-06,0.0070968488077669725
4.0,smoothstep,1,9.41302625376876e-07,0.0022095364271178465
4.0,smoothstep,2,2.5119126139191815e-06,0.00582574988751499
4.0,smoothstep,3,1.155806339592249e-06,0.002681853111481288
4.0,smoothstep,4,2.1247555708430535e-06,0.004970468782868549
4.0,smoothstep,5,3.057501451082004e-06,0.006903713237386685
4.0,smoothstep,6,1.2295192789685982e-06,0.00284913111577284
4.0,smoothstep,7,1.932302670319624e-06,0.004429756204399439
4.0,smoothstep,8,1.87079022529315e-06,0.00424594996544619
4.0,smoothstep,9,1.9032443354360782e-06,0.004348484541940365
4.0,smoothstep,10,3.15354533447802e-06,0.007339223141300342
4.0,smoothstep,11,2.3035993193763656e-06,0.005266625147580257
4.0,smoothstep,12,2.8267015259730824e-06,0.006580941404721946
4.0,smoothstep,13,2.819188475447254e-06,0.006612288157288322
4.0,smoothstep,14,2.104490384124895e-06,0.004850398740179048
4.0,smoothstep,15,3.030547322796051e-06,0.007076695252136606
4.0,smoothstep,16,2.674766493737397e-06,0.006101635528551787
4.0,smoothstep,17,9.77684695264481e-07,0.0022537873511624075
4.0,smoothstep,18,1.2045600666979745e-06,0.0027510606378967316
4.0,smoothstep,19,3.1409770312883405e-06,0.007407884201188647
4.0,smoothstep,20,1.8829945335078977e-06,0.004469737461148993
4.0,smoothstep,21,2.2400442092286416e-06,0.005347827077593437
4.0,smoothstep,22,2.125691234215685e-06,0.004870526592481686
4.0,smoothstep,23,1.958003798343827e-06,0.004464719783720187
4.0,smoothstep,24,2.92437534094279e-06,0.0068622192915219205
4.0,smoothstep,25,1.4374231157119107e-06,0.00320480767101926
4.0,smoothstep,26,1.3418043613752733e-06,0.003155345777457604
4.0,smoothstep,27,2.9777136323267817e-06,0.006761609932373475
4.0,smoothstep,28,2.7184236271339082e-06,0.006206845181866277
4.0,smoothstep,29,1.3929747566298166e-06,0.003221778460556213
4.0,gaussian_shipped,0,0.002446120539208593,0.9711921326510647
4.0,gaussian_shipped,1,0.0007636903370565603,0.31112819464292035
4.0,gaussian_shipped,2,0.0020379454375924113,0.7057654949049761
4.0,gaussian_shipped,3,0.0009377198249095601,0.3779509542908468
4.0,gaussian_shipped,4,0.0017238401915752233,0.628182811908476
4.0,gaussian_shipped,5,0.002480588336607329,0.9015552756034916
4.0,gaussian_shipped,6,0.0009975240345230347,0.3956727984050474
4.0,gaussian_shipped,7,0.0015677007986680748,0.570311823301859
4.0,gaussian_shipped,8,0.0015177949993969509,0.6388043664802786
4.0,gaussian_shipped,9,0.0015441254160405888,0.5738437779514166
4.0,gaussian_shipped,10,0.0025585099143290053,0.9511685550498828
4.0,gaussian_shipped,11,0.0018689383129611907,0.6996695934660577
4.0,gaussian_shipped,12,0.0022933375334679095,0.8361822647313369
4.0,gaussian_shipped,13,0.002287242103652135,0.992343666393677
4.0,gaussian_shipped,14,0.0017073987976408268,0.6634128222109763
4.0,gaussian_shipped,15,0.002458720122537997,0.9461537362848741
4.0,gaussian_shipped,16,0.002170070782849521,0.7878831058528029
4.0,gaussian_shipped,17,0.0007932075555006871,0.29806126039445563
4.0,gaussian_shipped,18,0.0009772743202252705,0.36275843892976556
4.0,gaussian_shipped,19,0.002548313096174684,0.976545437794443
4.0,gaussian_shipped,20,0.001527696503974536,0.6023880442955011
4.0,gaussian_shipped,21,0.0018173752744846425,0.8001055924166111
4.0,gaussian_shipped,22,0.0017245993067175303,0.6378182171727363
4.0,gaussian_shipped,23,0.0015885524382942557,0.5753319845271114
4.0,gaussian_shipped,24,0.002372581494617973,0.9022191763036922
4.0,gaussian_shipped,25,0.001166198961031695,0.42417130663557073
4.0,gaussian_shipped,26,0.0010886222957174573,0.42983400997464116
4.0,gaussian_shipped,27,0.0024158555030260047,0.8925627245992437
4.0,gaussian_shipped,28,0.002205490349330763,0.8409098196685701
4.0,gaussian_shipped,29,0.0011301374634708813,0.45247476428354866
4.0,gaussian_calibrated,0,7.700414136676603e-06,0.0035246745757103247
4.0,gaussian_calibrated,1,2.4041055104407424e-06,0.0011141051885072437
4.0,gaussian_calibrated,2,6.415474464921277e-06,0.0025889655842641457
4.0,gaussian_calibrated,3,2.951952236299722e-06,0.0013302613151472398
4.0,gaussian_calibrated,4,5.426667724588854e-06,0.002309718074254893
4.0,gaussian_calibrated,5,7.808919138819795e-06,0.003076885867247951
4.0,gaussian_calibrated,6,3.14021654043306e-06,0.0013953370046074689
4.0,gaussian_calibrated,7,4.9351392127423735e-06,0.0020118305185196288
4.0,gaussian_calibrated,8,4.778035212326336e-06,0.0021416834384293455
4.0,gaussian_calibrated,9,4.860923651100024e-06,0.002000025888438933
4.0,gaussian_calibrated,10,8.054217115359528e-06,0.0034433943257537315
4.0,gaussian_calibrated,11,5.8834381932621646e-06,0.002437836647738797
4.0,gaussian_calibrated,12,7.2194515682374646e-06,0.003044521987284079
4.0,gaussian_calibrated,13,7.200263088696019e-06,0.0034883332689213836
4.0,gaussian_calibrated,14,5.374910037161047e-06,0.002328249032016988
4.0,gaussian_calibrated,15,7.740077762418192e-06,0.0034111962472483017
4.0,gaussian_calibrated,16,6.831406492849995e-06,0.002755360871593685
4.0,gaussian_calibrated,17,2.4970260360400502e-06,0.001054107010667238
4.0,gaussian_calibrated,18,3.0764702189649377e-06,0.0012637243904379195
4.0,gaussian_calibrated,19,8.022117420595481e-06,0.00359054317565522
4.0,gaussian_calibrated,20,4.8092052567299e-06,0.0022176202999824777
4.0,gaussian_calibrated,21,5.721117185752342e-06,0.0028778412790864626
4.0,gaussian_calibrated,22,5.429057427336322e-06,0.002240586809147608
4.0,gaussian_calibrated,23,5.000780401709406e-06,0.002004752678312628
4.0,gaussian_calibrated,24,7.4689124222326725e-06,0.0032976894701509272
4.0,gaussian_calibrated,25,3.6712070487791465e-06,0.0014101698560480798
4.0,gaussian_calibrated,26,3.42699486025991e-06,0.0015601225693405007
4.0,gaussian_calibrated,27,7.6051394726803515e-06,0.003075019910663193
4.0,gaussian_calibrated,28,6.942907674445633e-06,0.002907953272325024
4.0,gaussian_calibrated,29,3.5576850611436307e-06,0.0015841317039695113
6.0,smoothstep,0,1.2413497633916865e-06,0.00292838418972064
6.0,smoothstep,1,4.032426870020141e-07,0.0009571715541808219
6.0,smoothstep,2,1.10367224696445e-06,0.002496128820519909
6.0,smoothstep,3,4.872815022199927e-07,0.0011224035840677832
6.0,smoothstep,4,9.78157935942936e-07,0.00228204217978522
6.0,smoothstep,5,1.4476478702593339e-06,0.0033426773111221125
6.0,smoothstep,6,5.489645128332903e-07,0.0012672130691424948
6.0,smoothstep,7,8.633575151704583e-07,0.0019971301336400107
6.0,smoothstep,8,7.643617764006389e-07,0.0017488682389409876
6.0,smoothstep,9,8.679273408441917e-07,0.0020119018986688286
6.0,smoothstep,10,1.4015630710615006e-06,0.0032717487116209467
6.0,smoothstep,11,1.0307113816295115e-06,0.00237651113297529
6.0,smoothstep,12,1.350351417328432e-06,0.0031456854677720247
6.0,smoothstep,13,1.1329886574782558e-06,0.002670532288165085
6.0,smoothstep,14,9.500656867356925e-07,0.0022033302929138233
6.0,smoothstep,15,1.4291501185513053e-06,0.00330804254699713
6.0,smoothstep,16,1.1922346517106649e-06,0.0027522920606611444
6.0,smoothstep,17,4.1544339765470184e-07,0.0009559473319410113
6.0,smoothstep,18,5.478075392714435e-07,0.001271600741620319
6.0,smoothstep,19,1.4132841689812316e-06,0.0032382162340041324
6.0,smoothstep,20,7.845799688028273e-07,0.0018020289154543176
6.0,smoothstep,21,8.720023774624024e-07,0.002041567003916307
6.0,smoothstep,22,9.4451122519461e-07,0.002183539443587954
6.0,smoothstep,23,9.070530117782758e-07,0.0020827065327506966
6.0,smoothstep,24,1.1265905372192924e-06,0.002602746226265012
6.0,smoothstep,25,6.237073928916154e-07,0.0014457380773023854
6.0,smoothstep,26,5.103642050515222e-07,0.0012045993569177198
6.0,smoothstep,27,1.328326296956748e-06,0.0031004516711290882
6.0,smoothstep,28,1.242309194556618e-06,0.0028814277523182713
6.0,smoothstep,29,6.668301995384492e-07,0.0015434218623515015
6.0,gaussian_shipped,0,0.0022411373704304934,0.9211344264988389
6.0,gaussian_shipped,1,0.0007280158113727933,0.31927627308405226
6.0,gaussian_shipped,2,0.0019925738823366288,0.7408159607723901
6.0,gaussian_shipped,3,0.000879739793530014,0.3545677423955091
6.0,gaussian_shipped,4,0.0017659698894494176,0.6881515534467737
6.0,gaussian_shipped,5,0.002613588721681338,0.9608289382277665
6.0,gaussian_shipped,6,0.0009911025248753025,0.36760693950785917
6.0,gaussian_shipped,7,0.0015587087929222023,0.6380116406111344
6.0,gaussian_shipped,8,0.0013799815266727444,0.5662758809468409
6.0,gaussian_shipped,9,0.0015669591727875704,0.5973382873953706
6.0,gaussian_shipped,10,0.0025303870578659363,0.9075717667996792
6.0,gaussian_shipped,11,0.0018608500711246138,0.6676268406854868
6.0,gaussian_shipped,12,0.002437929352255922,0.8880365039792825
6.0,gaussian_shipped,13,0.0020455018363323284,0.9754263371700738
6.0,gaussian_shipped,14,0.0017152520407217704,0.7053984759215299
6.0,gaussian_shipped,15,0.0025801928135784254,0.9920460600782386
6.0,gaussian_shipped,16,0.0021524647694542353,0.8520374263671109
6.0,gaussian_shipped,17,0.0007500430186885106,0.28899185068520883
6.0,gaussian_shipped,18,0.0009890137206055285,0.38120649747700913
6.0,gaussian_shipped,19,0.0025515483706120023,0.8623511820645783
6.0,gaussian_shipped,20,0.001416483524652182,0.5681765898767573
6.0,gaussian_shipped,21,0.0015743162586954107,0.703444204917873
6.0,gaussian_shipped,22,0.0017052239956860734,0.6878368356392445
6.0,gaussian_shipped,23,0.0016375968011655422,0.59235460746236
6.0,gaussian_shipped,24,0.002033950646783872,0.788378371807254
6.0,gaussian_shipped,25,0.0011260435919397797,0.43133875950219
6.0,gaussian_shipped,26,0.0009214133890402281,0.39589116999921525
6.0,gaussian_shipped,27,0.0023981651199590057,0.9807607387103846
6.0,gaussian_shipped,28,0.0022428695309395573,0.8108996927667008
6.0,gaussian_shipped,29,0.001203897663647996,0.4274262435560452
6.0,gaussian_calibrated,0,6.719648313462635e-06,0.002962555650508352
6.0,gaussian_calibrated,1,2.182824794057863e-06,0.0010227800629376011
6.0,gaussian_calibrated,2,5.974375290221989e-06,0.0022756881233696974
6.0,gaussian_calibrated,3,2.6377419331258557e-06,0.0011099798007258243
6.0,gaussian_calibrated,4,5.29494387351416e-06,0.0022024722062564477
6.0,gaussian_calibrated,5,7.836376867142893e-06,0.0030572312661007166
6.0,gaussian_calibrated,6,2.9716431030140796e-06,0.001166897221536131
6.0,gaussian_calibrated,7,4.673508661152326e-06,0.002005275932403752
6.0,gaussian_calibrated,8,4.137627019505225e-06,0.0017517290717577925
6.0,gaussian_calibrated,9,4.6982459449436785e-06,0.0019003657821401382
6.0,gaussian_calibrated,10,7.586911605748827e-06,0.0029493910548781836
6.0,gaussian_calibrated,11,5.579425075419377e-06,0.002126600262266621
6.0,gaussian_calibrated,12,7.309693763698559e-06,0.002869870958469994
6.0,gaussian_calibrated,13,6.133070264253819e-06,0.0030619319487506774
6.0,gaussian_calibrated,14,5.142875503604411e-06,0.0022201073462663062
6.0,gaussian_calibrated,15,7.736245228395026e-06,0.003145078153493467
6.0,gaussian_calibrated,16,6.453779428555326e-06,0.0026803370543785803
6.0,gaussian_calibrated,17,2.2488694232011986e-06,0.0009079898538677101
6.0,gaussian_calibrated,18,2.965380198172221e-06,0.0012129937345008322
6.0,gaussian_calibrated,19,7.650360005378806e-06,0.0027427939749345267
6.0,gaussian_calibrated,20,4.247071711471354e-06,0.0017707853236142222
6.0,gaussian_calibrated,21,4.720304847072968e-06,0.0022118360735301165
6.0,gaussian_calibrated,22,5.112808209738125e-06,0.0021620615768712984
6.0,gaussian_calibrated,23,4.910040200244442e-06,0.0018704783106331345
6.0,gaussian_calibrated,24,6.098436094839714e-06,0.002489006644710402
6.0,gaussian_calibrated,25,3.376239682269053e-06,0.0013730616130220171
6.0,gaussian_calibrated,26,2.762692732430203e-06,0.0012637434602870733
6.0,gaussian_calibrated,27,7.190467847422492e-06,0.0031205245575778797
6.0,gaussian_calibrated,28,6.7248418859749465e-06,0.0026053226368943482
6.0,gaussian_calibrated,29,3.609671148163454e-06,0.001372676837065212
8.0,smoothstep,0,7.252721841292431e-07,0.001687078791860014
8.0,smoothstep,1,2.40564562444708e-07,0.0005592507397832704
8.0,smoothstep,2,5.951857405065877e-07,0.0013848084202010237
8.0,smoothstep,3,2.8044061464960544e-07,0.0006557177750917756
8.0,smoothstep,4,5.101319228167404e-07,0.0011712496497180383
8.0,smoothstep,5,7.722518539873853e-07,0.0017919739835461934
8.0,smoothstep,6,3.092635354598181e-07,0.0007099212150306984
8.0,smoothstep,7,4.79705721685295e-07,0.001115006572622735
8.0,smoothstep,8,4.948087035757351e-07,0.0011508986803228007
8.0,smoothstep,9,4.789518501210656e-07,0.0011004569386716826
8.0,smoothstep,10,7.730057648288293e-07,0.0017953792590043524
8.0,smoothstep,11,5.73399464732637e-07,0.001346217156222884
8.0,smoothstep,12,6.760124331667906e-07,0.0015651730633253662
8.0,smoothstep,13,7.291443804615765e-07,0.001685709914606099
8.0,smoothstep,14,5.618691138439161e-07,0.0012904382167979872
8.0,smoothstep,15,7.499866616470155e-07,0.0017102784245218844
8.0,smoothstep,16,6.75283032911233e-07,0.0015656664346101333
8.0,smoothstep,17,2.3839217079214393e-07,0.0005500061472416788
8.0,smoothstep,18,3.043634211132398e-07,0.0007004702213286104
8.0,smoothstep,19,7.431717665594443e-07,0.0016912759747466737
8.0,smoothstep,20,4.646925976509831e-07,0.0010673925527233963
8.0,smoothstep,21,5.598350560073324e-07,0.0012997085388514098
8.0,smoothstep,22,5.430383797301968e-07,0.001253366433292184
8.0,smoothstep,23,4.5506448308409603e-07,0.0010445282877865546
8.0,smoothstep,24,7.06603005934881e-07,0.0016307118166259125
8.0,smoothstep,25,3.8963331975198346e-07,0.0009150181431869697
8.0,smoothstep,26,3.344814899980212e-07,0.0007825940555158781
8.0,smoothstep,27,7.719501790483655e-07,0.0017924589513965547
8.0,smoothstep,28,6.863334281612992e-07,0.0015688082606988712
8.0,smoothstep,29,3.5086669343211014e-07,0.0008186525199982219
8.0,gaussian_shipped,0,0.0023149963330256576,0.952372933546405
8.0,gaussian_shipped,1,0.0007678580429553301,0.3099561529606213
8.0,gaussian_shipped,2,0.0018997734049267976,0.7294109848841343
8.0,gaussian_shipped,3,0.0008951384166549055,0.37376167212036704
8.0,gaussian_shipped,4,0.0016282901185544875,0.6314791445715077
8.0,gaussian_shipped,5,0.0024649507443876783,0.897000449257805
8.0,gaussian_shipped,6,0.0009871382995165956,0.3844222774307691
8.0,gaussian_shipped,7,0.0015311727251282369,0.5711044730671977
8.0,gaussian_shipped,8,0.0015793799340343604,0.6206383713125911
8.0,gaussian_shipped,9,0.0015287664424319593,0.5577484036518956
8.0,gaussian_shipped,10,0.0024673571524529096,0.9602722617877005
8.0,gaussian_shipped,11,0.0018302337898269366,0.697435928512939
8.0,gaussian_shipped,12,0.002157764130634284,0.8704074981573637
8.0,gaussian_shipped,13,0.0023273559967577867,0.9533699094372828
8.0,gaussian_shipped,14,0.0017934300620541276,0.6327256948706932
8.0,gaussian_shipped,15,0.002393882475467448,0.9359515547098839
8.0,gaussian_shipped,16,0.002155435957909802,0.7731143586562161
8.0,gaussian_shipped,17,0.000760923985894229,0.2863993014952616
8.0,gaussian_shipped,18,0.0009714976242060505,0.3524222805645318
8.0,gaussian_shipped,19,0.0023721300113816696,0.9667381127703675
8.0,gaussian_shipped,20,0.0014832523335190956,0.5736172832257349
8.0,gaussian_shipped,21,0.001786937552709498,0.7796803051054165
8.0,gaussian_shipped,22,0.001733324240577217,0.6181438186567625
8.0,gaussian_shipped,23,0.0014525203539891547,0.5640382327410303
8.0,gaussian_shipped,24,0.002255406181898545,0.8882240611473194
8.0,gaussian_shipped,25,0.00124367061937359,0.4347815363604603
8.0,gaussian_shipped,26,0.0010676314902935712,0.43119045097867154
8.0,gaussian_shipped,27,0.002463987828129651,0.9011324950821223
8.0,gaussian_shipped,28,0.0021907077152474924,0.8201048877866286
8.0,gaussian_shipped,29,0.0011199314222306179,0.44057347423621923
8.0,gaussian_calibrated,0,6.773542895280656e-06,0.002874471583002344
8.0,gaussian_calibrated,1,2.2467073995950642e-06,0.0009363990610279896
8.0,gaussian_calibrated,2,5.558625068216223e-06,0.002216541616583297
8.0,gaussian_calibrated,3,2.6191222750236687e-06,0.0011314704587401933
8.0,gaussian_calibrated,4,4.7642809652209525e-06,0.0018895739373039633
8.0,gaussian_calibrated,5,7.212300669194569e-06,0.002731657576502226
8.0,gaussian_calibrated,6,2.8883085126148044e-06,0.001149267122826682
8.0,gaussian_calibrated,7,4.480121193187627e-06,0.0017380146997751388
8.0,gaussian_calibrated,8,4.621172646586955e-06,0.0018804479699195112
8.0,gaussian_calibrated,9,4.4730805517711005e-06,0.0016799223973433196
8.0,gaussian_calibrated,10,7.219341677433268e-06,0.002910346708021229
8.0,gaussian_calibrated,11,5.355156250974259e-06,0.0021437254273314324
8.0,gaussian_calibrated,12,6.313490733545499e-06,0.0026164182138826235
8.0,gaussian_calibrated,13,6.809706543259917e-06,0.0028604829766188805
8.0,gaussian_calibrated,14,5.247470711598249e-06,0.0019114811615993318
8.0,gaussian_calibrated,15,7.004359100926353e-06,0.002777052845633445
8.0,gaussian_calibrated,16,6.30667863730503e-06,0.002359888679798383
8.0,gaussian_calibrated,17,2.2264187571157455e-06,0.0008632201633938512
8.0,gaussian_calibrated,18,2.8425448180396742e-06,0.0010643484960967434
8.0,gaussian_calibrated,19,6.940712672436983e-06,0.0028553584806248157
8.0,gaussian_calibrated,20,4.33990895030302e-06,0.0017165825715435362
8.0,gaussian_calibrated,21,5.228474011725993e-06,0.002335319364108116
8.0,gaussian_calibrated,22,5.071604618757477e-06,0.0018774135724186679
8.0,gaussian_calibrated,23,4.249988988602315e-06,0.001686526355369267
8.0,gaussian_calibrated,24,6.599185623505539e-06,0.002670532877809871
8.0,gaussian_calibrated,25,3.6389069683394216e-06,0.0013512967031670312
8.0,gaussian_calibrated,26,3.1238268470189275e-06,0.0013118553907203335
8.0,gaussian_calibrated,27,7.209483232948445e-06,0.0027435922495672622
8.0,gaussian_calibrated,28,6.409881721435412e-06,0.0024476195324070705
8.0,gaussian_calibrated,29,3.2768533669066877e-06,0.0013395766190147766
12.0,smoothstep,0,3.329581070001039e-07,0.0007760146510830634
12.0,smoothstep,1,1.094289970315297e-07,0.0002553147878148068
12.0,smoothstep,2,2.685243618986576e-07,0.000616114591119621
12.0,smoothstep,3,1.2545168527893046e-07,0.000290114510015039
12.0,smoothstep,4,2.3093774149290124e-07,0.0005418723462244266
12.0,smoothstep,5,3.317465558357737e-07,0.0007702289926223658
12.0,smoothstep,6,1.3687441904260353e-07,0.00031372719105011147
12.0,smoothstep,7,1.997760140631484e-07,0.00045955104418630586
12.0,smoothstep,8,2.2305214461442862e-07,0.0005175618518043641
12.0,smoothstep,9,1.8927044012943233e-07,0.0004408285774714055
12.0,smoothstep,10,3.393442915068979e-07,0.0007955100466107514
12.0,smoothstep,11,2.4051240482826176e-07,0.0005571534758909926
12.0,smoothstep,12,3.2692406966414097e-07,0.0007580724427941963
12.0,smoothstep,13,3.4677853415973407e-07,0.0008023674304801042
12.0,smoothstep,14,2.2789421552802724e-07,0.0005366726260716726
12.0,smoothstep,15,3.441840582189921e-07,0.0007925791467870037
12.0,smoothstep,16,2.6601150824339656e-07,0.0006243481922918449
12.0,smoothstep,17,1.1266533306998252e-07,0.0002604625229519422
12.0,smoothstep,18,1.1904133062728251e-07,0.0002782938030656399
12.0,smoothstep,19,3.532513460402914e-07,0.0008079608460706049
12.0,smoothstep,20,2.2552254292011173e-07,0.0005183661614031561
12.0,smoothstep,21,2.7667068256242637e-07,0.0006365268370381146
12.0,smoothstep,22,2.1308798027592153e-07,0.0005004194427477254
12.0,smoothstep,23,2.2861976539442525e-07,0.0005351529749931858
12.0,smoothstep,24,2.9664188778707154e-07,0.0006892598128940188
12.0,smoothstep,25,1.5555918969452527e-07,0.00036425829018885245
12.0,smoothstep,26,1.4452135981845115e-07,0.00033705938787360076
12.0,smoothstep,27,3.119207965326259e-07,0.0007225736100131691
12.0,smoothstep,28,2.85903759595483e-07,0.0006595750868948231
12.0,smoothstep,29,1.5301526650962593e-07,0.0003551560174807918
12.0,gaussian_shipped,0,0.002378022577383593,0.9373548476418443
12.0,gaussian_shipped,1,0.0007815536552210785,0.32403981194023523
12.0,gaussian_shipped,2,0.0019178298463005492,0.7198950532456001
12.0,gaussian_shipped,3,0.0008959894163623051,0.3667581477911736
12.0,gaussian_shipped,4,0.0016493821645854319,0.6583140697916973
12.0,gaussian_shipped,5,0.002369369548783751,0.8935916720536015
12.0,gaussian_shipped,6,0.0009775718083040222,0.37602908059324663
12.0,gaussian_shipped,7,0.0014268217588758825,0.6002040411097863
12.0,gaussian_shipped,8,0.0015930623843520896,0.5832920590460077
12.0,gaussian_shipped,9,0.0013517898209908742,0.5888998077325647
12.0,gaussian_shipped,10,0.002423633393342769,0.9765082349784938
12.0,gaussian_shipped,11,0.0017177654389483224,0.7191238079087329
12.0,gaussian_shipped,12,0.0023349268343575815,0.8459104561190469
12.0,gaussian_shipped,13,0.0024767295531974588,0.9373154080830758
12.0,gaussian_shipped,14,0.001627644975109762,0.6650212139004735
12.0,gaussian_shipped,15,0.0024581995272456823,0.910029138846591
12.0,gaussian_shipped,16,0.00189988277548224,0.8180289322054834
12.0,gaussian_shipped,17,0.0008046679149601839,0.2718086588230175
12.0,gaussian_shipped,18,0.0008502059746314515,0.376930498415441
12.0,gaussian_shipped,19,0.0025229590711683602,0.8796982351587563
12.0,gaussian_shipped,20,0.001610706234501809,0.5355042239620198
12.0,gaussian_shipped,21,0.001976011743823907,0.7437618165556584
12.0,gaussian_shipped,22,0.0015218972519718942,0.6605452754150469
12.0,gaussian_shipped,23,0.0016328269302177212,0.582626503620374
12.0,gaussian_shipped,24,0.002118648237494737,0.8863901754404241
12.0,gaussian_shipped,25,0.0011110204480258006,0.4291436062424011
12.0,gaussian_shipped,26,0.0010321870810082081,0.44511585035779117
12.0,gaussian_shipped,27,0.002227771845512778,0.9316604853568711
12.0,gaussian_shipped,28,0.0020419553721114456,0.8108916065277645
12.0,gaussian_shipped,29,0.001092851475288308,0.4483444092901042
12.0,gaussian_calibrated,0,6.789640680824357e-06,0.0027253676076538407
12.0,gaussian_calibrated,1,2.231462620331562e-06,0.0009398311489090619
12.0,gaussian_calibrated,2,5.475715692181542e-06,0.0020720797073819183
12.0,gaussian_calibrated,3,2.5581953042745537e-06,0.0010576448126592742
12.0,gaussian_calibrated,4,4.709253961422312e-06,0.00192083433290248
12.0,gaussian_calibrated,5,6.764934878805242e-06,0.0025964229865167027
12.0,gaussian_calibrated,6,2.7911262833302204e-06,0.0010804136133391027
12.0,gaussian_calibrated,7,4.073807856360974e-06,0.0017232170493566765
12.0,gaussian_calibrated,8,4.548451841777127e-06,0.0016965722458025865
12.0,gaussian_calibrated,9,3.859579487517793e-06,0.00170158859553162
12.0,gaussian_calibrated,10,6.9198669681890205e-06,0.0028467806586107086
12.0,gaussian_calibrated,11,4.904499316078741e-06,0.0020757533748945417
12.0,gaussian_calibrated,12,6.666595335165069e-06,0.0024602489874576477
12.0,gaussian_calibrated,13,7.071465128094466e-06,0.002715066284617071
12.0,gaussian_calibrated,14,4.647190755061513e-06,0.0019427972832753025
12.0,gaussian_calibrated,15,7.01855889448026e-06,0.002627947570319246
12.0,gaussian_calibrated,16,5.424473890153025e-06,0.0023767686141343593
12.0,gaussian_calibrated,17,2.2974575859489367e-06,0.0007924475124652315
12.0,gaussian_calibrated,18,2.427476142295036e-06,0.0010906262684884558
12.0,gaussian_calibrated,19,7.203457910188016e-06,0.002532298480177871
12.0,gaussian_calibrated,20,4.598827899549761e-06,0.0015535321745151294
12.0,gaussian_calibrated,21,5.641834459122256e-06,0.002145262097984693
12.0,gaussian_calibrated,22,4.345263830670667e-06,0.001918971511850014
12.0,gaussian_calibrated,23,4.66198607851295e-06,0.0017115315057546858
12.0,gaussian_calibrated,24,6.04908481461011e-06,0.0025633015100471096
12.0,gaussian_calibrated,25,3.17214382356424e-06,0.001253205759018099
12.0,gaussian_calibrated,26,2.947061757145043e-06,0.0012883407357554958
12.0,gaussian_calibrated,27,6.360650438622313e-06,0.002687697620500505
12.0,gaussian_calibrated,28,5.8301142280026875e-06,0.002337840709471805
12.0,gaussian_calibrated,29,3.120268455516641e-06,0.0012967757533280944
16.0,smoothstep,0,1.7893614746336036e-07,0.00042114101917563974
16.0,smoothstep,1,5.956716124971693e-08,0.0001382522331832538
16.0,smoothstep,2,1.4782122902404218e-07,0.00034297260925660646
16.0,smoothstep,3,7.501628067393233e-08,0.0001740102494486889
16.0,smoothstep,4,1.2704024610648482e-07,0.00029487135678934263
16.0,smoothstep,5,1.8071987666126726e-07,0.00042110666051899776
16.0,smoothstep,6,7.831538916393361e-08,0.00018228168431520597
16.0,smoothstep,7,1.2915316094574383e-07,0.00029865391849516937
16.0,smoothstep,8,1.2240377383354955e-07,0.0002818031929436224
16.0,smoothstep,9,1.1121106493886795e-07,0.00025841907244100417
16.0,smoothstep,10,1.8641608394084788e-07,0.0004334308701233483
16.0,smoothstep,11,1.4575887570192974e-07,0.00033895935614956194
16.0,smoothstep,12,1.804552607746679e-07,0.00041700055474747956
16.0,smoothstep,13,1.8489709392090704e-07,0.0004279722969266065
16.0,smoothstep,14,1.2190827888571587e-07,0.00028383149542606374
16.0,smoothstep,15,1.8694495221714586e-07,0.00043303167789178807
16.0,smoothstep,16,1.5322893045369293e-07,0.0003587573274172985
16.0,smoothstep,17,5.9407757301030894e-08,0.00013930915864545087
16.0,smoothstep,18,6.945182554692933e-08,0.0001616987581849949
16.0,smoothstep,19,1.886466601978397e-07,0.00043558879169180856
16.0,smoothstep,20,1.1409124514991033e-07,0.0002646122172977524
16.0,smoothstep,21,1.4671197311843035e-07,0.00033775971977992883
16.0,smoothstep,22,1.2188005072804115e-07,0.00028490254444342856
16.0,smoothstep,23,1.2164546010611126e-07,0.000284909907206008
16.0,smoothstep,24,1.5876507750044837e-07,0.0003715870348140885
16.0,smoothstep,25,9.052858200064391e-08,0.0002091427906094101
16.0,smoothstep,26,7.941021132558458e-08,0.00018558153661084255
16.0,smoothstep,27,1.960691514214878e-07,0.00045179677841646797
16.0,smoothstep,28,1.6487059735912126e-07,0.00037996978470128195
16.0,smoothstep,29,8.901107106204413e-08,0.00020635363443577735
16.0,gaussian_shipped,0,0.0022656776783878123,0.9207151172603213
16.0,gaussian_shipped,1,0.0007542354606469115,0.3064992009469716
16.0,gaussian_shipped,2,0.001871702636607862,0.6706745145086324
16.0,gaussian_shipped,3,0.000949851190204066,0.36987667777385563
16.0,gaussian_shipped,4,0.0016085752037290051,0.6474843437333935
16.0,gaussian_shipped,5,0.0022882631396558433,0.9572160762280092
16.0,gaussian_shipped,6,0.0009916242839603498,0.36995605010853694
16.0,gaussian_shipped,7,0.00163532879184133,0.5877676481247
16.0,gaussian_shipped,8,0.001549868498101475,0.6111473142194757
16.0,gaussian_shipped,9,0.0014081471574843467,0.5935554561574936
16.0,gaussian_shipped,10,0.002360388139929815,0.9364562739494167
16.0,gaussian_shipped,11,0.0018455892550854642,0.7145326063799035
16.0,gaussian_shipped,12,0.002284912590780668,0.833834615769788
16.0,gaussian_shipped,13,0.002341154788644102,0.9581179177531115
16.0,gaussian_shipped,14,0.0015435945738051639,0.6661145646250406
16.0,gaussian_shipped,15,0.0023670846351064655,0.9075016782980323
16.0,gaussian_shipped,16,0.0019401745948691453,0.8352121888640536
16.0,gaussian_shipped,17,0.000752217098379109,0.2990184362775262
16.0,gaussian_shipped,18,0.0008793944269823007,0.3796475046103354
16.0,gaussian_shipped,19,0.002388631549140594,0.8820911281847034
16.0,gaussian_shipped,20,0.001444615809047488,0.5797953421631419
16.0,gaussian_shipped,21,0.001857657311610129,0.7428367241368443
16.0,gaussian_shipped,22,0.0015432371507374785,0.6653220899088411
16.0,gaussian_shipped,23,0.0015402667797800144,0.6116274430757936
16.0,gaussian_shipped,24,0.0020102729230488787,0.8573600029310441
16.0,gaussian_shipped,25,0.0011462669248367315,0.42549240744172534
16.0,gaussian_shipped,26,0.001005486849845563,0.4082513144171276
16.0,gaussian_shipped,27,0.002482614642673383,0.8869079585728442
16.0,gaussian_shipped,28,0.002087580612159505,0.8240971844511665
16.0,gaussian_shipped,29,0.0011270523015812577,0.4573351718505174
16.0,gaussian_calibrated,0,6.390034628287438e-06,0.002635900953865293
16.0,gaussian_calibrated,1,2.127218164079529e-06,0.0008707744805516907
16.0,gaussian_calibrated,2,5.2788818002972455e-06,0.001913594140865962
16.0,gaussian_calibrated,3,2.6789256278690755e-06,0.0010518601469702575
16.0,gaussian_calibrated,4,4.536766792594692e-06,0.001840253182270976
16.0,gaussian_calibrated,5,6.4537338388923906e-06,0.002722147497668237
16.0,gaussian_calibrated,6,2.7967409368071467e-06,0.0010563767465904615
16.0,gaussian_calibrated,7,4.612221636017232e-06,0.0016732831041693665
16.0,gaussian_calibrated,8,4.371192542801346e-06,0.0017299487133835584
16.0,gaussian_calibrated,9,3.9714868464663e-06,0.001685272602667668
16.0,gaussian_calibrated,10,6.657152557147084e-06,0.0026664339190558503
16.0,gaussian_calibrated,11,5.2052325721737906e-06,0.002036555471491713
16.0,gaussian_calibrated,12,6.444284073137811e-06,0.0023725574473969805
16.0,gaussian_calibrated,13,6.602907515186316e-06,0.0027172160659154772
16.0,gaussian_calibrated,14,4.353497795710395e-06,0.0018914735533921438
16.0,gaussian_calibrated,15,6.676039107725367e-06,0.0025812312182637532
16.0,gaussian_calibrated,16,5.471997612193133e-06,0.0023781389361490456
16.0,gaussian_calibrated,17,2.1215256488083975e-06,0.0008548721352169179
16.0,gaussian_calibrated,18,2.480211944506801e-06,0.0010780165919004423
16.0,gaussian_calibrated,19,6.736809237618153e-06,0.0025076980685843206
16.0,gaussian_calibrated,20,4.074341700251699e-06,0.001647193842159041
16.0,gaussian_calibrated,21,5.239268878319337e-06,0.0021026742030542337
16.0,gaussian_calibrated,22,4.3524897327360164e-06,0.0018927989982171116
16.0,gaussian_calibrated,23,4.3441122069042924e-06,0.0017479476613656512
16.0,gaussian_calibrated,24,5.6697003784455194e-06,0.002441633222479392
16.0,gaussian_calibrated,25,3.2328893967739023e-06,0.001208960861297321
16.0,gaussian_calibrated,26,2.8358384116546986e-06,0.0011642498170225148
16.0,gaussian_calibrated,27,7.001875724293097e-06,0.0025192259920316287
16.0,gaussian_calibrated,28,5.887736163130168e-06,0.0023348685143182975
16.0,gaussian_calibrated,29,3.178697174666059e-06,0.0012991024060011289
