rc_m,seed,switch_c0,switch_c1_slope,fade_cost_us
1.0,0,3.1762849729721765e-05,0.0001006369365619264,700.3159989835694
1.0,1,3.1762849729721765e-05,0.0001006369365619264,716.4351001847535
1.0,2,3.1762849729721765e-05,0.0001006369365619264,706.0294003167655
1.0,3,3.1762849729721765e-05,0.0001006369365619264,786.3250008085743
1.0,4,3.1762849729721765e-05,0.0001006369365619264,743.4533988998737
1.0,5,3.1762849729721765e-05,0.0001006369365619264,745.524100784678
1.0,6,3.1762849729721765e-05,0.0001006369365619264,752.5363987952005
1.0,7,3.1762849729721765e-05,0.0001006369365619264,744.0167006279808
1.0,8,3.1762849729721765e-05,0.0001006369365619264,733.8518007600214
1.0,9,3.1762849729721765e-05,0.0001006369365619264,787.2525980928913
1.0,10,3.1762849729721765e-05,0.0001006369365619264,695.183399511734
1.0,11,3.1762849729721765e-05,0.0001006369365619264,691.6771009855438
1.0,12,3.1762849729721765e-05,0.0001006369365619264,694.5024979359005
1.0,13,3.1762849729721765e-05,0.0001006369365619264,692.6738991751336
1.0,14,3.1762849729721765e-05,0.0001006369365619264,693.8307014934253
1.0,15,3.1762849729721765e-05,0.0001006369365619264,697.5113989028614
1.0,16,3.1762849729721765e-05,0.0001006369365619264,689.3804995343089
1.0,17,3.1762849729721765e-05,0.0001006369365619264,694.4092987396289
1.0,18,3.1762849729721765e-05,0.0001006369365619264,688.7425988679752
1.0,19,3.1762849729721765e-05,0.0001006369365619264,692.9172013769858
1.0,20,3.1762849729721765e-05,0.0001006369365619264,708.1937001203187
1.0,21,3.1762849729721765e-05,0.0001006369365619264,708.8725003995933
1.0,22,3.1762849729721765e-05,0.0001006369365619264,713.6848988011479
1.0,23,3.1762849729721765e-05,0.0001006369365619264,693.3800999831874
1.0,24,3.1762849729721765e-05,0.0001006369365619264,699.4813986239024
1.0,25,3.1762849729721765e-05,0.0001006369365619264,702.7302999631502
1.0,26,3.1762849729721765e-05,0.0001006369365619264,704.8675004625693
1.0,27,3.1762849729721765e-05,0.0001006369365619264,693.0085990461521
1.0,28,3.1762849729721765e-05,0.0001006369365619264,701.0459012235515
1.0,29,3.1762849729721765e-05,0.0001006369365619264,778.7753995216917
1.5,0,8.650190405057323e-05,0.00013244415120183817,706.1916003294755
1.5,1,8.650190405057323e-05,0.00013244415120183817,699.1298010689206
1.5,2,8.650190405057323e-05,0.00013244415120183817,698.5566986259073
1.5,3,8.650190405057323e-05,0.00013244415120183817,691.0001015057787
1.5,4,8.650190405057323e-05,0.00013244415120183817,694.8706999537535
1.5,5,8.650190405057323e-05,0.00013244415120183817,689.6659018821083
1.5,6,8.650190405057323e-05,0.00013244415120183817,690.2093002281617
1.5,7,8.650190405057323e-05,0.00013244415120183817,691.5336998645216
1.5,8,8.650190405057323e-05,0.00013244415120183817,692.5201014382765
1.5,9,8.650190405057323e-05,0.00013244415120183817,692.4124012584798
1.5,10,8.650190405057323e-05,0.00013244415120183817,689.117800357053
1.5,11,8.650190405057323e-05,0.00013244415120183817,692.8159011295065
1.5,12,8.650190405057323e-05,0.00013244415120183817,834.6219008672051
1.5,13,8.650190405057323e-05,0.00013244415120183817,725.4028008901514
1.5,14,8.650190405057323e-05,0.00013244415120183817,717.0306002080906
1.5,15,8.650190405057323e-05,0.00013244415120183817,728.4781007911079
1.5,16,8.650190405057323e-05,0.00013244415120183817,745.8672000211664
1.5,17,8.650190405057323e-05,0.00013244415120183817,722.040898835985
1.5,18,8.650190405057323e-05,0.00013244415120183817,700.0081001024228
1.5,19,8.650190405057323e-05,0.00013244415120183817,699.7487995249685
1.5,20,8.650190405057323e-05,0.00013244415120183817,710.5485005013179
1.5,21,8.650190405057323e-05,0.00013244415120183817,703.5068003460765
1.5,22,8.650190405057323e-05,0.00013244415120183817,712.7761986339465
1.5,23,8.650190405057323e-05,0.00013244415120183817,715.4767001338769
1.5,24,8.650190405057323e-05,0.00013244415120183817,714.0696005080827
1.5,25,8.650190405057323e-05,0.00013244415120183817,699.3038012296893
1.5,26,8.650190405057323e-05,0.00013244415120183817,712.9977988370229
1.5,27,8.650190405057323e-05,0.00013244415120183817,716.6341005358845
1.5,28,8.650190405057323e-05,0.00013244415120183817,714.4034992961679
1.5,29,8.650190405057323e-05,0.00013244415120183817,697.8755009185988
2.0,0,0.000152269780805514,0.00013643487339898286,705.7142007397488
2.0,1,0.000152269780805514,0.00013643487339898286,705.8162002067547
2.0,2,0.000152269780805514,0.00013643487339898286,705.9796989778988
2.0,3,0.000152269780805514,0.00013643487339898286,702.2141006018501
2.0,4,0.000152269780805514,0.00013643487339898286,703.3800990029704
2.0,5,0.000152269780805514,0.00013643487339898286,692.4774999788497
2.0,6,0.000152269780805514,0.00013643487339898286,693.3973010745831
2.0,7,0.000152269780805514,0.00013643487339898286,692.9753013537265
2.0,8,0.000152269780805514,0.00013643487339898286,692.610300029628
2.0,9,0.000152269780805514,0.00013643487339898286,691.9137980730738
2.0,10,0.000152269780805514,0.00013643487339898286,724.0814004035201
2.0,11,0.000152269780805514,0.00013643487339898286,725.4543990711682
2.0,12,0.000152269780805514,0.00013643487339898286,724.073300807504
2.0,13,0.000152269780805514,0.00013643487339898286,717.2926008934155
2.0,14,0.000152269780805514,0.00013643487339898286,716.2622001487762
2.0,15,0.000152269780805514,0.00013643487339898286,727.1244001458399
2.0,16,0.000152269780805514,0.00013643487339898286,729.1796995559707
2.0,17,0.000152269780805514,0.00013643487339898286,744.3847993272357
2.0,18,0.000152269780805514,0.00013643487339898286,752.6487999712117
2.0,19,0.000152269780805514,0.00013643487339898286,722.5408997328486
2.0,20,0.000152269780805514,0.00013643487339898286,728.9285982551519
2.0,21,0.000152269780805514,0.00013643487339898286,726.5949010616168
2.0,22,0.000152269780805514,0.00013643487339898286,714.3859009374864
2.0,23,0.000152269780805514,0.00013643487339898286,716.0869005019777
2.0,24,0.000152269780805514,0.00013643487339898286,725.2924995555077
2.0,25,0.000152269780805514,0.00013643487339898286,734.3181983742397
2.0,26,0.000152269780805514,0.00013643487339898286,718.5449016105849
2.0,27,0.000152269780805514,0.00013643487339898286,712.7156008209568
2.0,28,0.000152269780805514,0.00013643487339898286,703.1507993815467
2.0,29,0.000152269780805514,0.00013643487339898286,698.3423998462968
3.0,0,0.00026294897975664977,7.204977170438553e-05,709.1426996339578
3.0,1,0.00026294897975664977,7.204977170438553e-05,708.0971990944818
3.0,2,0.00026294897975664977,7.204977170438553e-05,701.8008982413448
3.0,3,0.00026294897975664977,7.204977170438553e-05,708.7622987455688
3.0,4,0.00026294897975664977,7.204977170438553e-05,708.1165007548407
3.0,5,0.00026294897975664977,7.204977170438553e-05,696.5808002860285
3.0,6,0.00026294897975664977,7.204977170438553e-05,717.9908010584768
3.0,7,0.00026294897975664977,7.204977170438553e-05,707.9526993038598
3.0,8,0.00026294897975664977,7.204977170438553e-05,718.3175010140985
3.0,9,0.00026294897975664977,7.204977170438553e-05,708.9917999110185
3.0,10,0.00026294897975664977,7.204977170438553e-05,718.93529893714
3.0,11,0.00026294897975664977,7.204977170438553e-05,702.449199889088
3.0,12,0.00026294897975664977,7.204977170438553e-05,699.3342023633886
3.0,13,0.00026294897975664977,7.204977170438553e-05,721.4864010165911
3.0,14,0.00026294897975664977,7.204977170438553e-05,711.485200736206
3.0,15,0.00026294897975664977,7.204977170438553e-05,700.7191001321189
3.0,16,0.00026294897975664977,7.204977170438553e-05,699.5356998231728
3.0,17,0.00026294897975664977,7.204977170438553e-05,705.9251998725813
3.0,18,0.00026294897975664977,7.204977170438553e-05,716.4501992519945
3.0,19,0.00026294897975664977,7.204977170438553e-05,717.8518979344517
3.0,20,0.00026294897975664977,7.204977170438553e-05,693.5481018444989
3.0,21,0.00026294897975664977,7.204977170438553e-05,701.5131006482989
3.0,22,0.00026294897975664977,7.204977170438553e-05,709.7904002876021
3.0,23,0.00026294897975664977,7.204977170438553e-05,722.1317006042227
3.0,24,0.00026294897975664977,7.204977170438553e-05,716.7690993810538
3.0,25,0.00026294897975664977,7.204977170438553e-05,707.4490000377409
3.0,26,0.00026294897975664977,7.204977170438553e-05,708.1781011947896
3.0,27,0.00026294897975664977,7.204977170438553e-05,702.3477002803702
3.0,28,0.00026294897975664977,7.204977170438553e-05,694.2910011275671
3.0,29,0.00026294897975664977,7.204977170438553e-05,692.3152010131162
4.0,0,0.0002880671120695233,2.924113284841212e-05,695.7406010769773
4.0,1,0.0002880671120695233,2.924113284841212e-05,722.5770998047665
4.0,2,0.0002880671120695233,2.924113284841212e-05,738.8347985397559
4.0,3,0.0002880671120695233,2.924113284841212e-05,719.1331998910755
4.0,4,0.0002880671120695233,2.924113284841212e-05,698.2236991461832
4.0,5,0.0002880671120695233,2.924113284841212e-05,708.9219980116468
4.0,6,0.0002880671120695233,2.924113284841212e-05,710.5388009222224
4.0,7,0.0002880671120695233,2.924113284841212e-05,728.8087013876066
4.0,8,0.0002880671120695233,2.924113284841212e-05,721.0070012661163
4.0,9,0.0002880671120695233,2.924113284841212e-05,717.7565996244084
4.0,10,0.0002880671120695233,2.924113284841212e-05,727.6363008713815
4.0,11,0.0002880671120695233,2.924113284841212e-05,711.9893991330173
4.0,12,0.0002880671120695233,2.924113284841212e-05,708.7977006449364
4.0,13,0.0002880671120695233,2.924113284841212e-05,713.3722996513825
4.0,14,0.0002880671120695233,2.924113284841212e-05,696.3231993722729
4.0,15,0.0002880671120695233,2.924113284841212e-05,705.3141998767387
4.0,16,0.0002880671120695233,2.924113284841212e-05,693.4605989954434
4.0,17,0.0002880671120695233,2.924113284841212e-05,697.8140991122928
4.0,18,0.0002880671120695233,2.924113284841212e-05,695.8635996852536
4.0,19,0.0002880671120695233,2.924113284841212e-05,700.9953005763236
4.0,20,0.0002880671120695233,2.924113284841212e-05,693.5698991583195
4.0,21,0.0002880671120695233,2.924113284841212e-05,704.3509001960047
4.0,22,0.0002880671120695233,2.924113284841212e-05,726.664000103483
4.0,23,0.0002880671120695233,2.924113284841212e-05,710.4058015102055
4.0,24,0.0002880671120695233,2.924113284841212e-05,703.2724999589846
4.0,25,0.0002880671120695233,2.924113284841212e-05,718.9472991740331
4.0,26,0.0002880671120695233,2.924113284841212e-05,733.853000565432
4.0,27,0.0002880671120695233,2.924113284841212e-05,731.279599131085
4.0,28,0.0002880671120695233,2.924113284841212e-05,703.4608992398717
4.0,29,0.0002880671120695233,2.924113284841212e-05,693.332599621499
