global_resolution,grid_spacing_m,method,seed,seam_c0_rms_m,t_total_ms,single_grid_baked_vertices
64,1.2698412698412698,smoothstep,0,8.821280116806779e-06,3.2534869969822466,4096
64,1.2698412698412698,smoothstep,1,3.599497613023788e-06,2.5918910032487474,4096
64,1.2698412698412698,smoothstep,2,9.31522653785516e-06,2.5248969977837987,4096
64,1.2698412698412698,smoothstep,3,3.296547212007215e-06,2.5838219953584485,4096
64,1.2698412698412698,smoothstep,4,6.919237886095409e-06,2.6585049999994226,4096
64,1.2698412698412698,smoothstep,5,8.781647170378334e-06,2.566898001532536,4096
64,1.2698412698412698,smoothstep,6,5.004374656019168e-06,2.533550992666278,4096
64,1.2698412698412698,smoothstep,7,5.913923803360569e-06,2.497239998774603,4096
64,1.2698412698412698,smoothstep,8,6.219591056431362e-06,2.504681011487264,4096
64,1.2698412698412698,smoothstep,9,6.143409100199968e-06,2.536086001782678,4096
64,1.2698412698412698,gaussian_calibrated,0,1.1637925082836808e-06,2.522833994589746,4096
64,1.2698412698412698,gaussian_calibrated,1,4.911352170328703e-07,2.5412149989278987,4096
64,1.2698412698412698,gaussian_calibrated,2,1.1883098179377051e-06,2.497020992450416,4096
64,1.2698412698412698,gaussian_calibrated,3,4.097174864404084e-07,2.5035829967237078,4096
64,1.2698412698412698,gaussian_calibrated,4,9.516822225271878e-07,2.5138130149571225,4096
64,1.2698412698412698,gaussian_calibrated,5,1.1198770030732582e-06,2.5237269946956076,4096
64,1.2698412698412698,gaussian_calibrated,6,6.555836198376007e-07,2.5221440009772778,4096
64,1.2698412698412698,gaussian_calibrated,7,7.617788131116209e-07,2.485297001840081,4096
64,1.2698412698412698,gaussian_calibrated,8,7.975780963300367e-07,2.536775005864911,4096
64,1.2698412698412698,gaussian_calibrated,9,8.191955760556843e-07,2.4994639970827848,4096
64,1.2698412698412698,hybrid,0,8.821280116806779e-06,2.5464909995207563,4096
64,1.2698412698412698,hybrid,1,3.599497613023788e-06,2.5380890074302442,4096
64,1.2698412698412698,hybrid,2,9.31522653785516e-06,2.5215839996235445,4096
64,1.2698412698412698,hybrid,3,3.296547212007215e-06,2.546928997617215,4096
64,1.2698412698412698,hybrid,4,6.919237886095409e-06,2.5322130095446482,4096
64,1.2698412698412698,hybrid,5,8.781647170378334e-06,2.520522990380414,4096
64,1.2698412698412698,hybrid,6,5.004374656019168e-06,2.5382739913766272,4096
64,1.2698412698412698,hybrid,7,5.913923803360569e-06,2.5070580013561994,4096
64,1.2698412698412698,hybrid,8,6.219591056431362e-06,2.533759987272788,4096
64,1.2698412698412698,hybrid,9,6.143409100199968e-06,2.523269002267625,4096
96,0.8421052631578947,smoothstep,0,8.435398493886987e-06,3.3915579988388345,9216
96,0.8421052631578947,smoothstep,1,3.1602366865434675e-06,3.260379991843365,9216
96,0.8421052631578947,smoothstep,2,5.9779737680047e-06,3.199318001861684,9216
96,0.8421052631578947,smoothstep,3,3.0055999215710947e-06,3.2500040106242523,9216
96,0.8421052631578947,smoothstep,4,5.441357524284487e-06,3.2793479986139573,9216
96,0.8421052631578947,smoothstep,5,7.623484069195739e-06,3.287744999397546,9216
96,0.8421052631578947,smoothstep,6,3.619921877931403e-06,3.26590400072746,9216
96,0.8421052631578947,smoothstep,7,4.7521455008856255e-06,3.270094995968975,9216
96,0.8421052631578947,smoothstep,8,4.9188605224617754e-06,3.2599230034975335,9216
96,0.8421052631578947,smoothstep,9,5.554147158798626e-06,3.269922992330976,9216
96,0.8421052631578947,gaussian_calibrated,0,1.3027868468401357e-06,3.3552070090081543,9216
96,0.8421052631578947,gaussian_calibrated,1,4.506729273858278e-07,3.2967559891403653,9216
96,0.8421052631578947,gaussian_calibrated,2,9.788388753895923e-07,3.2314209893229418,9216
96,0.8421052631578947,gaussian_calibrated,3,4.919721433852999e-07,3.2256559934467077,9216
96,0.8421052631578947,gaussian_calibrated,4,8.5147922005402e-07,3.2520250024390407,9216
96,0.8421052631578947,gaussian_calibrated,5,1.3170859565772033e-06,3.220080994651653,9216
96,0.8421052631578947,gaussian_calibrated,6,5.404466990544138e-07,3.251265996368602,9216
96,0.8421052631578947,gaussian_calibrated,7,7.919833706947245e-07,3.3963810055865906,9216
96,0.8421052631578947,gaussian_calibrated,8,7.842778495017651e-07,3.3211659974767826,9216
96,0.8421052631578947,gaussian_calibrated,9,8.705133656902381e-07,3.224579995730892,9216
96,0.8421052631578947,hybrid,0,8.435398493886987e-06,3.3482049984741025,9216
96,0.8421052631578947,hybrid,1,3.1602366865434675e-06,3.315067988296505,9216
96,0.8421052631578947,hybrid,2,5.9779737680047e-06,3.310774001874961,9216
96,0.8421052631578947,hybrid,3,3.0055999215710947e-06,3.3001329938997515,9216
96,0.8421052631578947,hybrid,4,5.441357524284487e-06,3.3046609969460405,9216
96,0.8421052631578947,hybrid,5,7.623484069195739e-06,3.2959210002445616,9216
96,0.8421052631578947,hybrid,6,3.619921877931403e-06,3.4644639963516966,9216
96,0.8421052631578947,hybrid,7,4.7521455008856255e-06,3.3633429993642494,9216
96,0.8421052631578947,hybrid,8,4.9188605224617754e-06,3.360982009326108,9216
96,0.8421052631578947,hybrid,9,5.554147158798626e-06,3.327672995510511,9216
128,0.6299212598425197,smoothstep,0,6.406905993626317e-06,4.8271529958583415,16384
128,0.6299212598425197,smoothstep,1,2.0587125003185165e-06,4.418345000885893,16384
128,0.6299212598425197,smoothstep,2,3.991716847346109e-06,4.274170998542104,16384
128,0.6299212598425197,smoothstep,3,2.6104725407226184e-06,4.290730990760494,16384
128,0.6299212598425197,smoothstep,4,4.2872633591734785e-06,4.2345930050942115,16384
128,0.6299212598425197,smoothstep,5,5.6618028750377574e-06,4.242115996021312,16384
128,0.6299212598425197,smoothstep,6,2.0933838334000853e-06,4.414825001731515,16384
128,0.6299212598425197,smoothstep,7,3.609823780651419e-06,4.300704000343103,16384
128,0.6299212598425197,smoothstep,8,3.7316229197667954e-06,4.347082998719998,16384
128,0.6299212598425197,smoothstep,9,3.7624157619093115e-06,4.501527997490484,16384
128,0.6299212598425197,gaussian_calibrated,0,1.4730309261373359e-06,4.344898996350821,16384
128,0.6299212598425197,gaussian_calibrated,1,4.5220923874007623e-07,4.366581997601315,16384
128,0.6299212598425197,gaussian_calibrated,2,1.1137576827908595e-06,4.330374002165627,16384
128,0.6299212598425197,gaussian_calibrated,3,6.179425787160635e-07,4.399176003062166,16384
128,0.6299212598425197,gaussian_calibrated,4,9.47091248067725e-07,4.455479000171181,16384
128,0.6299212598425197,gaussian_calibrated,5,1.4089469574544903e-06,4.418753007485066,16384
128,0.6299212598425197,gaussian_calibrated,6,5.059464970444062e-07,4.703272003098391,16384
128,0.6299212598425197,gaussian_calibrated,7,8.599787193759217e-07,4.444578000402544,16384
128,0.6299212598425197,gaussian_calibrated,8,9.183084227964682e-07,4.440951997821685,16384
128,0.6299212598425197,gaussian_calibrated,9,8.493539084932827e-07,4.491248997510411,16384
128,0.6299212598425197,hybrid,0,6.406905993626317e-06,4.438195996044669,16384
128,0.6299212598425197,hybrid,1,2.0587125003185165e-06,4.418636002810672,16384
128,0.6299212598425197,hybrid,2,3.991716847346109e-06,4.309453004680108,16384
128,0.6299212598425197,hybrid,3,2.6104725407226184e-06,4.481752010178752,16384
128,0.6299212598425197,hybrid,4,4.2872633591734785e-06,4.656109005736653,16384
128,0.6299212598425197,hybrid,5,5.6618028750377574e-06,4.610896998201497,16384
128,0.6299212598425197,hybrid,6,2.0933838334000853e-06,4.618620005203411,16384
128,0.6299212598425197,hybrid,7,3.609823780651419e-06,4.514587992161978,16384
128,0.6299212598425197,hybrid,8,3.7316229197667954e-06,4.612161006662063,16384
128,0.6299212598425197,hybrid,9,3.7624157619093115e-06,4.703190999862272,16384
192,0.418848167539267,smoothstep,0,3.480731641141478e-06,9.784118985407986,36864
192,0.418848167539267,smoothstep,1,1.207465827064763e-06,8.314116996189114,36864
192,0.418848167539267,smoothstep,2,2.5132286038868922e-06,7.6609949974226765,36864
192,0.418848167539267,smoothstep,3,1.3146258718354602e-06,7.959144997585099,36864
192,0.418848167539267,smoothstep,4,2.5174917936202376e-06,7.8015439939918,36864
192,0.418848167539267,smoothstep,5,3.265445296457918e-06,7.783862005453557,36864
192,0.418848167539267,smoothstep,6,1.340088727441136e-06,7.7610300068045035,36864
192,0.418848167539267,smoothstep,7,2.1462279585348537e-06,8.065405003435444,36864
192,0.418848167539267,smoothstep,8,2.439160995846676e-06,8.21510599780595,36864
192,0.418848167539267,smoothstep,9,2.030164837093833e-06,8.417614008067176,36864
192,0.418848167539267,gaussian_calibrated,0,1.6087586154225232e-06,7.774772013362963,36864
192,0.418848167539267,gaussian_calibrated,1,5.286121539603131e-07,7.62032999045914,36864
192,0.418848167539267,gaussian_calibrated,2,1.2930944980337027e-06,7.858701006625779,36864
192,0.418848167539267,gaussian_calibrated,3,6.640986147209599e-07,7.881337012804579,36864
192,0.418848167539267,gaussian_calibrated,4,1.1075374701670598e-06,7.902372999524232,36864
192,0.418848167539267,gaussian_calibrated,5,1.7047425337630081e-06,7.524465989263263,36864
192,0.418848167539267,gaussian_calibrated,6,6.730311122665418e-07,7.728304008196574,36864
192,0.418848167539267,gaussian_calibrated,7,1.0516509817025924e-06,7.478254003217444,36864
192,0.418848167539267,gaussian_calibrated,8,1.1598782657813188e-06,7.33389999368228,36864
192,0.418848167539267,gaussian_calibrated,9,9.848092583573077e-07,7.356686997809447,36864
192,0.418848167539267,hybrid,0,3.480731641141478e-06,7.635829999344423,36864
192,0.418848167539267,hybrid,1,1.207465827064763e-06,7.7860739911557175,36864
192,0.418848167539267,hybrid,2,2.5132286038868922e-06,7.533500996942166,36864
192,0.418848167539267,hybrid,3,1.3146258718354602e-06,7.516864992794581,36864
192,0.418848167539267,hybrid,4,2.5174917936202376e-06,7.671272003790364,36864
192,0.418848167539267,hybrid,5,3.265445296457918e-06,7.548613997641951,36864
192,0.418848167539267,hybrid,6,1.340088727441136e-06,7.922798999061342,36864
192,0.418848167539267,hybrid,7,2.1462279585348537e-06,8.10799100145232,36864
192,0.418848167539267,hybrid,8,2.439160995846676e-06,7.775337006023619,36864
192,0.418848167539267,hybrid,9,2.030164837093833e-06,7.721670997852925,36864
256,0.3137254901960784,smoothstep,0,2.9882117315691294e-06,13.764292001724243,65536
256,0.3137254901960784,smoothstep,1,1.035688043276086e-06,15.367036001407541,65536
256,0.3137254901960784,smoothstep,2,2.491480854574572e-06,15.30559100501705,65536
256,0.3137254901960784,smoothstep,3,1.2888647051234676e-06,14.929341996321455,65536
256,0.3137254901960784,smoothstep,4,2.0589969578243964e-06,14.896235996275209,65536
256,0.3137254901960784,smoothstep,5,3.2199209016604174e-06,15.102884994121268,65536
256,0.3137254901960784,smoothstep,6,1.2681115626378501e-06,15.231085009872913,65536
256,0.3137254901960784,smoothstep,7,2.1076782190601457e-06,14.586087003408466,65536
256,0.3137254901960784,smoothstep,8,2.2705159956028857e-06,14.6321399952285,65536
256,0.3137254901960784,smoothstep,9,1.8183374946275401e-06,14.611168997362256,65536
256,0.3137254901960784,gaussian_calibrated,0,2.12872685182123e-06,14.580347000446636,65536
256,0.3137254901960784,gaussian_calibrated,1,6.991989677165208e-07,14.881495997542515,65536
256,0.3137254901960784,gaussian_calibrated,2,1.6488794830707391e-06,14.895493994117714,65536
256,0.3137254901960784,gaussian_calibrated,3,8.709402053471138e-07,15.242301000398584,65536
256,0.3137254901960784,gaussian_calibrated,4,1.3934912205836375e-06,14.980257008573972,65536
256,0.3137254901960784,gaussian_calibrated,5,2.179309589806045e-06,15.217793996271212,65536
256,0.3137254901960784,gaussian_calibrated,6,8.500586524073223e-07,15.759660003823228,65536
256,0.3137254901960784,gaussian_calibrated,7,1.39898932072001e-06,15.247117989929393,65536
256,0.3137254901960784,gaussian_calibrated,8,1.500358858016808e-06,15.119287018023897,65536
256,0.3137254901960784,gaussian_calibrated,9,1.2774354286159374e-06,16.077563996077515,65536
256,0.3137254901960784,hybrid,0,2.9882117315691294e-06,16.183921994525008,65536
256,0.3137254901960784,hybrid,1,1.035688043276086e-06,15.688927000155672,65536
256,0.3137254901960784,hybrid,2,2.491480854574572e-06,15.131118001590949,65536
256,0.3137254901960784,hybrid,3,1.2888647051234676e-06,16.768597008194774,65536
256,0.3137254901960784,hybrid,4,2.0589969578243964e-06,15.434256012667902,65536
256,0.3137254901960784,hybrid,5,3.2199209016604174e-06,15.50521999160992,65536
256,0.3137254901960784,hybrid,6,1.2681115626378501e-06,15.152097003010567,65536
256,0.3137254901960784,hybrid,7,2.1076782190601457e-06,13.151028004358523,65536
256,0.3137254901960784,hybrid,8,2.2705159956028857e-06,12.618952998309396,65536
256,0.3137254901960784,hybrid,9,1.8183374946275401e-06,12.544616991363,65536
